frame,x,y,z,qx,qy,qz,qw,pitch,yaw,roll,focal,focus,aperture,sx,sy,sz
0.0000,-268.2981,0.9645,109.2822,0.00036129,-0.09492262,0.00378896,0.99547738,10.89381,0.43615,-0.00000,35.00000,273.2065,2.8000,-0.0227,3.0067,160.9154
1.0000,-272.5426,1.0725,114.6650,0.00035975,-0.09426966,0.00379911,0.99553939,10.81865,0.43729,-0.00000,35.00000,276.7176,2.8000,0.2324,3.2165,161.4553
2.0000,-272.2811,1.0939,114.7311,0.00036151,-0.09368704,0.00384173,0.99559422,10.75159,0.44218,-0.00000,35.00000,276.9987,2.8000,0.7183,3.4665,161.8052
3.0000,-271.8670,1.2232,114.7461,0.00036783,-0.09311517,0.00393307,0.99564751,10.68578,0.45267,0.00000,35.00000,277.2296,2.8000,1.3950,3.9537,161.6310
4.0000,-271.3052,1.4412,114.6552,0.00037831,-0.09251501,0.00407158,0.99570289,10.61671,0.46858,0.00000,35.00000,277.4088,2.8000,2.2284,4.5462,161.0173
5.0000,-270.5728,1.6301,114.4699,0.00038953,-0.09189377,0.00422094,0.99575979,10.54522,0.48574,-0.00000,35.00000,277.6533,2.8000,3.2891,4.8889,160.3644
6.0000,-269.6814,1.7108,114.1626,0.00040524,-0.09125037,0.00442234,0.99581808,10.47119,0.50889,-0.00000,35.00000,278.1202,2.8000,4.7284,5.4144,159.6044
7.0000,-268.6134,1.7052,113.7375,0.00042572,-0.09060037,0.00467949,0.99587624,10.39641,0.53845,0.00000,35.00000,278.6654,2.8000,6.3977,5.9103,158.8575
8.0000,-267.3890,1.6176,113.2528,0.00044490,-0.08995408,0.00492579,0.99593363,10.32206,0.56675,-0.00000,35.00000,279.1055,2.8000,8.1080,5.8975,158.1163
9.0000,-266.0396,1.4827,112.7934,0.00045797,-0.08934551,0.00510522,0.99598750,10.25205,0.58737,0.00000,35.00000,279.5763,2.8000,9.9251,5.4462,157.6966
10.0000,-264.5296,1.3481,112.4912,0.00046617,-0.08883115,0.00522698,0.99603288,10.19288,0.60135,-0.00000,35.00000,280.2154,2.8000,11.9796,5.0217,157.9650
11.0000,-262.8759,1.2286,112.4334,0.00047345,-0.08839366,0.00533509,0.99607122,10.14255,0.61376,0.00000,35.00000,280.7440,2.8000,14.0848,4.8818,158.3661
12.0000,-261.0609,1.1631,112.6726,0.00048069,-0.08800882,0.00544058,0.99610472,10.09828,0.62588,-0.00000,35.00000,281.2468,2.8000,16.3553,4.8647,158.8960
13.0000,-259.0753,1.1568,113.0255,0.00048908,-0.08772342,0.00555368,0.99612927,10.06546,0.63887,0.00000,35.00000,281.7343,2.8000,18.7049,4.9755,159.9698
14.0000,-256.9247,1.2101,113.4087,0.00049740,-0.08752871,0.00566076,0.99614579,10.04307,0.65118,-0.00000,35.00000,282.1973,2.8000,21.2006,5.0554,161.0522
15.0000,-254.6341,1.3259,113.7773,0.00050326,-0.08736021,0.00573867,0.99616013,10.02369,0.66013,0.00000,35.00000,282.6230,2.8000,23.8910,5.0336,161.6098
16.0000,-252.2462,1.4882,114.0552,0.00050598,-0.08717074,0.00578223,0.99617648,10.00189,0.66513,-0.00000,35.00000,283.0549,2.8000,26.7548,5.0060,161.6851
17.0000,-249.7534,1.6786,114.1726,0.00050570,-0.08695192,0.00579376,0.99619553,9.97672,0.66644,-0.00000,35.00000,283.5082,2.8000,29.7595,5.0034,161.5184
18.0000,-247.1093,1.7392,114.0520,0.00050466,-0.08664476,0.00580248,0.99622225,9.94139,0.66743,-0.00000,35.00000,283.8203,2.8000,32.8662,5.0558,160.5612
19.0000,-244.3363,1.7009,113.7591,0.00050537,-0.08626704,0.00583629,0.99625483,9.89795,0.67130,0.00000,35.00000,284.1645,2.8000,36.1117,5.2035,159.5395
20.0000,-241.4208,1.5913,113.4070,0.00050873,-0.08586228,0.00590296,0.99628940,9.85140,0.67894,-0.00000,35.00000,284.5213,2.8000,39.4517,5.3484,158.7973
21.0000,-238.3256,1.5276,113.0794,0.00050821,-0.08545849,0.00592497,0.99632398,9.80495,0.68145,0.00000,35.00000,284.8050,2.8000,42.8655,5.0129,158.2949
22.0000,-235.0411,1.5795,112.8085,0.00050013,-0.08508257,0.00585670,0.99635657,9.76172,0.67357,-0.00000,35.00000,284.9792,2.8000,46.3243,4.4450,158.0659
23.0000,-231.6662,1.6930,112.6076,0.00048544,-0.08474569,0.00570755,0.99638615,9.72296,0.65640,-0.00000,35.00000,285.1952,2.8000,49.8955,3.9532,158.0267
24.0000,-228.1461,1.7733,112.5063,0.00046811,-0.08448075,0.00552114,0.99640971,9.69248,0.63495,0.00000,35.00000,285.3993,2.8000,53.5446,3.6876,158.3948
25.0000,-224.3522,1.7360,112.5345,0.00045347,-0.08431679,0.00535898,0.99642449,9.67362,0.61629,-0.00000,35.00000,285.5233,2.8000,57.3343,3.7154,159.1741
26.0000,-220.4008,1.6063,112.7376,0.00044495,-0.08420633,0.00526517,0.99643433,9.66091,0.60550,-0.00000,35.00000,285.8378,2.8000,61.5276,3.9772,159.8035
27.0000,-216.2640,1.3322,113.0013,0.00044515,-0.08413777,0.00527189,0.99644009,9.65303,0.60627,-0.00000,35.00000,286.3428,2.8000,66.1037,4.3637,160.4546
28.0000,-211.9498,1.0830,113.2719,0.00045289,-0.08409509,0.00536630,0.99644318,9.64812,0.61712,-0.00000,35.00000,286.8251,2.8000,70.8547,4.7433,160.9934
29.0000,-207.4930,0.9960,113.5252,0.00046768,-0.08404340,0.00554503,0.99644656,9.64219,0.63767,-0.00000,35.00000,287.2714,2.8000,75.7616,5.3132,161.2179
30.0000,-202.9529,1.0651,113.7267,0.00048822,-0.08394256,0.00579554,0.99645362,9.63060,0.66648,-0.00000,35.00000,287.6820,2.8000,80.7771,6.0003,161.0264
31.0000,-198.3276,1.3034,113.7753,0.00050675,-0.08378596,0.00602678,0.99646542,9.61261,0.69306,0.00000,35.00000,287.9201,2.8000,85.7290,6.2494,160.5661
32.0000,-193.5984,1.6068,113.6661,0.00052140,-0.08357864,0.00621654,0.99648166,9.58878,0.71487,0.00000,35.00000,288.0844,2.8000,90.7118,6.3939,159.9477
33.0000,-188.7370,1.8406,113.4291,0.00053505,-0.08332867,0.00639852,0.99650143,9.56005,0.73578,-0.00000,35.00000,288.3269,2.8000,95.8937,6.6856,159.2554
34.0000,-183.7104,2.0620,113.0474,0.00054536,-0.08302942,0.00654541,0.99652545,9.52564,0.75265,0.00000,35.00000,288.6403,2.8000,101.3270,6.7674,158.3456
35.0000,-178.5054,2.0978,112.5394,0.00054980,-0.08270407,0.00662490,0.99655198,9.48824,0.76177,0.00000,35.00000,289.0368,2.8000,106.9943,6.4140,157.4976
36.0000,-173.1628,1.9243,112.0992,0.00054984,-0.08243793,0.00664689,0.99657388,9.45763,0.76429,0.00000,35.00000,289.5579,2.8000,112.7989,5.8826,157.4758
37.0000,-167.6318,1.6877,111.8215,0.00054787,-0.08223291,0.00663968,0.99659087,9.43406,0.76344,-0.00000,35.00000,289.9310,2.8000,118.6355,5.4541,157.6452
38.0000,-162.0376,1.4877,111.7786,0.00054653,-0.08207211,0.00663654,0.99660415,9.41557,0.76307,-0.00000,35.00000,290.1174,2.8000,124.3673,5.2810,157.9063
39.0000,-156.4086,1.3499,111.9751,0.00054590,-0.08200331,0.00663449,0.99660982,9.40766,0.76283,-0.00000,35.00000,290.0914,2.8000,129.8505,5.1476,158.8222
40.0000,-150.7395,1.2962,112.3443,0.00054469,-0.08204695,0.00661628,0.99660635,9.41268,0.76074,-0.00000,35.00000,289.9191,2.8000,135.1926,4.9732,160.1206
41.0000,-145.0712,1.3341,112.7658,0.00054186,-0.08210892,0.00657690,0.99660151,9.41980,0.75622,-0.00000,35.00000,289.8588,2.8000,140.7724,4.8481,160.7194
42.0000,-139.3918,1.4501,113.1309,0.00053674,-0.08217272,0.00650957,0.99659670,9.42713,0.74848,-0.00000,35.00000,289.9039,2.8000,146.4905,4.7421,161.1436
43.0000,-133.7016,1.6346,113.4236,0.00052924,-0.08222017,0.00641491,0.99659340,9.43258,0.73760,-0.00000,35.00000,290.0318,2.8000,152.3277,4.6941,161.3492
44.0000,-127.9829,1.7707,113.5757,0.00052083,-0.08219947,0.00631460,0.99659576,9.43020,0.72606,0.00000,35.00000,290.1830,2.8000,158.2926,4.7379,160.9488
45.0000,-122.2304,1.8259,113.5541,0.00051312,-0.08208856,0.00622961,0.99660544,9.41744,0.71628,-0.00000,35.00000,290.3500,2.8000,164.3438,4.8482,160.1418
46.0000,-116.4628,1.8291,113.4105,0.00050722,-0.08193008,0.00616993,0.99661885,9.39921,0.70941,-0.00000,35.00000,290.5602,2.8000,170.3974,4.9869,159.5456
47.0000,-110.6826,1.7880,113.1753,0.00050335,-0.08173149,0.00613782,0.99663536,9.37638,0.70571,-0.00000,35.00000,290.7610,2.8000,176.4471,5.1121,158.8947
48.0000,-104.8629,1.6731,112.9404,0.00049713,-0.08153840,0.00607646,0.99665155,9.35417,0.69864,-0.00000,35.00000,290.9116,2.8000,182.4285,4.7706,158.6176
49.0000,-98.9646,1.6174,112.6799,0.00048317,-0.08137479,0.00591782,0.99666589,9.33535,0.68039,0.00000,35.00000,291.0135,2.8000,188.4108,3.9817,158.5237
50.0000,-92.9728,1.6995,112.4525,0.00045931,-0.08124053,0.00563492,0.99667849,9.31990,0.64786,-0.00000,35.00000,291.0953,2.8000,194.4663,3.0800,158.4756
51.0000,-86.8775,1.8175,112.3044,0.00042947,-0.08113457,0.00527573,0.99668910,9.30770,0.60656,-0.00000,35.00000,291.1814,2.8000,200.6241,2.4866,158.5152
52.0000,-80.6623,1.8889,112.3689,0.00040032,-0.08108095,0.00492092,0.99669529,9.30152,0.56576,-0.00000,35.00000,291.3369,2.8000,206.9265,2.3820,159.0096
53.0000,-74.2596,1.8630,112.6055,0.00037366,-0.08107532,0.00459360,0.99669732,9.30086,0.52813,-0.00000,35.00000,291.5227,2.8000,213.4462,2.3487,159.6729
54.0000,-67.7516,1.5617,112.9654,0.00035457,-0.08115108,0.00435487,0.99669224,9.30955,0.50068,0.00000,35.00000,291.8768,2.8000,220.1801,2.4962,160.8134
55.0000,-61.1879,1.3052,113.3412,0.00034310,-0.08128318,0.00420710,0.99668211,9.32474,0.48370,-0.00000,35.00000,292.1862,2.8000,226.9542,2.7580,161.7875
56.0000,-54.5534,1.2414,113.6745,0.00033677,-0.08137553,0.00412474,0.99667492,9.33535,0.47423,-0.00000,35.00000,292.2684,2.8000,233.7119,3.0812,161.8557
57.0000,-47.8939,1.2976,113.9035,0.00033411,-0.08142141,0.00408975,0.99667132,9.34063,0.47021,0.00000,35.00000,292.1707,2.8000,240.3320,3.4311,161.7070
58.0000,-41.2416,1.4033,114.0230,0.00033346,-0.08141801,0.00408204,0.99667163,9.34023,0.46933,-0.00000,35.00000,292.0120,2.8000,246.8943,3.7124,161.3872
59.0000,-34.5898,1.5732,113.9578,0.00033771,-0.08130829,0.00413967,0.99668035,9.32762,0.47595,-0.00000,35.00000,291.7354,2.8000,253.4255,4.3471,160.3270
60.0000,-27.9041,1.8175,113.6831,0.00034565,-0.08110562,0.00424761,0.99669640,9.30432,0.48835,-0.00000,35.00000,291.5536,2.8000,260.0739,4.9860,159.1313
61.0000,-21.2007,1.9464,113.2716,0.00035335,-0.08089283,0.00435375,0.99671323,9.27986,0.50054,-0.00000,35.00000,291.7307,2.8000,266.9849,5.1665,158.5401
62.0000,-14.4884,1.9049,112.7701,0.00036023,-0.08069437,0.00444951,0.99672890,9.25705,0.51155,0.00000,35.00000,292.0213,2.8000,273.9827,5.1149,158.0885
63.0000,-7.6936,1.7526,112.2767,0.00036431,-0.08052947,0.00450917,0.99674196,9.23810,0.51840,-0.00000,35.00000,292.6509,2.8000,281.3706,4.7640,157.8781
64.0000,-0.8345,1.5559,111.8903,0.00036570,-0.08040658,0.00453339,0.99675177,9.22397,0.52118,0.00000,35.00000,293.2316,2.8000,288.7594,4.3512,157.8629
65.0000,6.0167,1.3629,111.7338,0.00036631,-0.08035767,0.00454376,0.99675567,9.21835,0.52237,-0.00000,35.00000,293.5013,2.8000,295.7814,4.0737,158.3412
66.0000,12.7929,1.2155,111.9573,0.00036803,-0.08039925,0.00456263,0.99675223,9.22313,0.52454,0.00000,35.00000,293.3874,2.8000,302.3173,3.9920,159.3304
67.0000,19.4801,1.1461,112.3360,0.00037047,-0.08048344,0.00458803,0.99674532,9.23281,0.52746,0.00000,35.00000,293.1214,2.8000,308.6754,3.9778,160.0722
68.0000,26.1068,1.1594,112.7490,0.00037279,-0.08060295,0.00460998,0.99673556,9.24655,0.52999,-0.00000,35.00000,292.8992,2.8000,315.0233,3.9783,160.8142
69.0000,32.6754,1.1928,113.1017,0.00037467,-0.08074530,0.00462490,0.99672397,9.26291,0.53171,-0.00000,35.00000,292.7631,2.8000,321.4131,3.9720,161.4183
70.0000,39.1911,1.2651,113.3592,0.00037649,-0.08088306,0.00463940,0.99671273,9.27875,0.53339,0.00000,35.00000,292.6337,2.8000,327.7941,4.0486,161.6958
71.0000,45.6596,1.3966,113.4968,0.00037809,-0.08098183,0.00465343,0.99670464,9.29011,0.53500,-0.00000,35.00000,292.5498,2.8000,334.2236,4.1846,161.5506
72.0000,52.0638,1.4050,113.5174,0.00038004,-0.08101582,0.00467545,0.99670178,9.29402,0.53754,0.00000,35.00000,292.6516,2.8000,340.8130,4.2604,161.0655
73.0000,58.4480,1.3572,113.4266,0.00038310,-0.08099251,0.00471449,0.99670349,9.29134,0.54202,-0.00000,35.00000,292.6469,2.8000,347.2719,4.3489,160.4808
74.0000,64.7459,1.2994,113.2217,0.00038848,-0.08092482,0.00478466,0.99670865,9.28356,0.55009,-0.00000,35.00000,292.5691,2.8000,353.5577,4.5382,159.8529
75.0000,70.9579,1.2506,112.9376,0.00038913,-0.08080635,0.00479983,0.99671819,9.26994,0.55183,-0.00000,35.00000,292.3690,2.8000,359.6560,4.1315,159.0436
76.0000,77.1577,1.2971,112.6597,0.00037757,-0.08064553,0.00466655,0.99673185,9.25145,0.53650,0.00000,35.00000,292.1091,2.8000,365.6817,3.1146,158.2773
77.0000,83.3262,1.4722,112.5262,0.00035790,-0.08050852,0.00443099,0.99674401,9.23568,0.50941,-0.00000,35.00000,292.2217,2.8000,371.9485,2.4752,158.2806
78.0000,89.5618,1.7055,112.5005,0.00033223,-0.08039802,0.00411894,0.99675427,9.22297,0.47353,0.00000,35.00000,292.1609,2.8000,378.1031,2.0200,158.4027
79.0000,95.8255,1.8376,112.5448,0.00030866,-0.08034931,0.00382904,0.99675937,9.21736,0.44020,0.00000,35.00000,292.1947,2.8000,384.3198,2.1307,158.9406
80.0000,102.1316,1.8464,112.6854,0.00029072,-0.08036452,0.00360578,0.99675898,9.21910,0.41453,0.00000,35.00000,292.1721,2.8000,390.5123,2.4518,159.6209
81.0000,108.4720,1.7555,112.9351,0.00027848,-0.08042561,0.00345139,0.99675460,9.22612,0.39679,-0.00000,35.00000,292.0480,2.8000,396.6592,2.7276,160.2695
82.0000,114.8178,1.5773,113.1920,0.00027251,-0.08052978,0.00337300,0.99674646,9.23809,0.38778,0.00000,35.00000,291.8570,2.8000,402.7448,3.0067,160.9154
83.0000,121.1365,1.3638,113.4528,0.00027188,-0.08065892,0.00335970,0.99673606,9.25294,0.38625,0.00000,35.00000,291.8324,2.8000,408.9901,3.2165,161.4553
84.0000,127.4561,1.2964,113.6897,0.00027493,-0.08079406,0.00339165,0.99672501,9.26847,0.38993,-0.00000,35.00000,291.7403,2.8000,415.1955,3.4665,161.8052
85.0000,133.7479,1.3623,113.8353,0.00028240,-0.08088847,0.00347976,0.99671704,9.27933,0.40006,-0.00000,35.00000,291.5279,2.8000,421.3211,3.9537,161.6310
86.0000,139.9814,1.5352,113.8459,0.00029383,-0.08091249,0.00361952,0.99671459,9.28210,0.41613,-0.00000,35.00000,291.2115,2.8000,427.3328,4.5462,161.0173
87.0000,146.1616,1.6920,113.7408,0.00030627,-0.08087874,0.00377431,0.99671676,9.27822,0.43393,-0.00000,35.00000,290.9158,2.8000,433.3012,4.8889,160.3644
88.0000,152.2640,1.7499,113.4983,0.00032276,-0.08079086,0.00398191,0.99672307,9.26813,0.45779,-0.00000,35.00000,290.8109,2.8000,439.3776,5.4144,159.6044
89.0000,158.2967,1.7281,113.1266,0.00034356,-0.08066739,0.00424503,0.99673198,9.25394,0.48804,-0.00000,35.00000,290.7589,2.8000,445.4134,5.9103,158.8575
90.0000,164.2333,1.6289,112.6868,0.00036348,-0.08052110,0.00449936,0.99674268,9.23713,0.51727,-0.00000,35.00000,290.5837,2.8000,451.2196,5.8975,158.1163
91.0000,170.0373,1.4859,112.2659,0.00037829,-0.08038726,0.00469060,0.99675260,9.22175,0.53925,-0.00000,35.00000,290.4225,2.8000,456.8620,5.4462,157.6966
92.0000,175.7410,1.3459,111.9974,0.00038897,-0.08032273,0.00482691,0.99675715,9.21434,0.55492,-0.00000,35.00000,290.4129,2.8000,462.4712,5.0217,157.9650
93.0000,181.3253,1.2227,111.9696,0.00039886,-0.08031288,0.00495026,0.99675733,9.21321,0.56910,-0.00000,35.00000,290.2891,2.8000,467.8605,4.8818,158.3661
94.0000,186.8057,1.1547,112.2357,0.00040872,-0.08033611,0.00507113,0.99675485,9.21589,0.58300,0.00000,35.00000,290.1382,2.8000,473.1445,4.8647,158.8960
95.0000,192.1903,1.1469,112.6133,0.00041960,-0.08043953,0.00519932,0.99674584,9.22779,0.59774,-0.00000,35.00000,289.9630,2.8000,478.2370,4.9755,159.9698
96.0000,197.4726,1.1993,113.0192,0.00043041,-0.08061627,0.00532160,0.99673091,9.24811,0.61180,-0.00000,35.00000,289.7623,2.8000,483.2050,5.0554,161.0522
97.0000,202.6267,1.3146,113.4091,0.00043903,-0.08080488,0.00541535,0.99671513,9.26980,0.62259,-0.00000,35.00000,289.5300,2.8000,488.0971,5.0336,161.6098
98.0000,207.6095,1.4768,113.7070,0.00044476,-0.08096033,0.00547538,0.99670219,9.28768,0.62950,-0.00000,35.00000,289.3072,2.8000,492.8920,5.0060,161.6851
99.0000,212.4279,1.6673,113.8435,0.00044770,-0.08107522,0.00550382,0.99669269,9.30089,0.63278,-0.00000,35.00000,289.1052,2.8000,497.5572,5.0034,161.5184
100.0000,217.1282,1.7282,113.7410,0.00044986,-0.08109220,0.00552917,0.99669117,9.30284,0.63569,-0.00000,35.00000,288.7658,2.8000,502.0538,5.0558,160.5612
101.0000,221.7109,1.7103,113.4655,0.00045411,-0.08102814,0.00558589,0.99669606,9.29548,0.64221,-0.00000,35.00000,288.5130,2.8000,506.4998,5.2738,159.5395
102.0000,226.2302,1.6753,113.1302,0.00046222,-0.08092471,0.00569296,0.99670385,9.28359,0.65452,0.00000,35.00000,288.3669,2.8000,510.9328,5.6283,158.7973
103.0000,230.7525,1.7647,112.8186,0.00046867,-0.08080903,0.00578067,0.99671273,9.27030,0.66459,0.00000,35.00000,288.2172,2.8000,515.3352,5.6394,158.2949
104.0000,235.3086,2.0652,112.5629,0.00047023,-0.08070761,0.00580724,0.99672079,9.25864,0.66764,-0.00000,35.00000,288.0100,2.8000,519.6813,5.5524,158.0659
105.0000,239.8154,2.5337,112.3766,0.00046783,-0.08063176,0.00578303,0.99672707,9.24992,0.66486,0.00000,35.00000,287.8840,2.8000,524.0403,5.6735,158.0267
106.0000,244.3398,3.0829,112.2890,0.00046512,-0.08061461,0.00575079,0.99672865,9.24794,0.66115,-0.00000,35.00000,287.7722,2.8000,528.3782,6.1499,158.3948
107.0000,249.0207,3.6352,112.3303,0.00046709,-0.08068566,0.00577007,0.99672279,9.25611,0.66337,-0.00000,35.00000,287.5963,2.8000,532.7565,7.0466,159.1741
108.0000,253.7493,4.2177,112.5458,0.00047693,-0.08079861,0.00588334,0.99671297,9.26910,0.67640,-0.00000,35.00000,287.6240,2.8000,537.4376,8.3070,159.8035
109.0000,258.5614,4.7812,112.8213,0.00049711,-0.08094269,0.00612123,0.99669984,9.28568,0.70376,-0.00000,35.00000,287.8465,2.8000,542.4014,9.8229,160.4546
110.0000,263.4501,5.4958,113.1033,0.00052642,-0.08110269,0.00646924,0.99668462,9.30410,0.74378,-0.00000,35.00000,288.0522,2.8000,547.4432,11.4592,160.9934
111.0000,268.3797,6.4985,113.3673,0.00056428,-0.08124453,0.00692233,0.99667000,9.32044,0.79588,0.00000,35.00000,288.2244,2.8000,552.5381,13.4114,161.2179
112.0000,273.2921,7.7804,113.5790,0.00060927,-0.08132879,0.00746647,0.99665917,9.33016,0.85845,0.00000,35.00000,288.3621,2.8000,557.6395,15.6038,161.0264
113.0000,278.1888,9.3534,113.6374,0.00065366,-0.08134894,0.00800835,0.99665329,9.33252,0.92075,-0.00000,35.00000,288.3499,2.8000,562.6006,17.4719,160.5661
114.0000,283.0935,11.1128,113.5375,0.00069537,-0.08131034,0.00852344,0.99665214,9.32812,0.97997,-0.00000,35.00000,288.2738,2.8000,567.5078,19.3488,159.9477
115.0000,288.0434,12.9242,113.3094,0.00073703,-0.08122167,0.00904393,0.99665476,9.31797,1.03981,-0.00000,35.00000,288.2663,2.8000,572.5168,21.4936,159.2554
116.0000,293.0699,14.8463,112.9362,0.00077619,-0.08107648,0.00954161,0.99666191,9.30132,1.09702,-0.00000,35.00000,288.3432,2.8000,577.7031,23.5542,158.3456
117.0000,298.2017,16.7072,112.4363,0.00081033,-0.08089801,0.00998330,0.99667206,9.28084,1.14778,-0.00000,35.00000,288.5243,2.8000,583.0743,25.3074,157.4976
118.0000,303.4054,18.4801,112.0039,0.00084102,-0.08077210,0.01037767,0.99667821,9.26640,1.19311,0.00000,35.00000,288.8341,2.8000,588.5239,27.0041,157.4758
119.0000,308.7234,20.3163,111.7335,0.00087045,-0.08070129,0.01075025,0.99667998,9.25829,1.23594,-0.00000,35.00000,288.9917,2.8000,593.9263,28.9142,157.6452
120.0000,314.0235,22.3021,111.6978,0.00090094,-0.08066935,0.01113125,0.99667835,9.25466,1.27975,0.00000,35.00000,288.9499,2.8000,599.1278,31.1711,157.9063
121.0000,319.2762,24.4576,111.9011,0.00093244,-0.08072464,0.01151239,0.99666952,9.26106,1.32357,-0.00000,35.00000,288.7019,2.8000,604.0064,33.5356,158.8222
122.0000,324.4845,26.8032,112.2769,0.00096352,-0.08088788,0.01187188,0.99665204,9.27987,1.36492,-0.00000,35.00000,288.3272,2.8000,608.6811,35.9298,160.1206
123.0000,329.6064,29.3374,112.7047,0.00099291,-0.08106468,0.01220716,0.99663359,9.30023,1.40349,-0.00000,35.00000,288.0766,2.8000,613.5183,38.4881,160.7194
124.0000,334.6550,32.0449,113.0759,0.00101995,-0.08123853,0.01251246,0.99661562,9.32026,1.43862,0.00000,35.00000,287.9453,2.8000,618.4239,41.1690,161.1436
125.0000,339.6313,34.9121,113.3745,0.00104451,-0.08139133,0.01278951,0.99659961,9.33786,1.47049,0.00000,35.00000,287.9046,2.8000,623.3735,44.0084,161.3492
126.0000,344.5728,37.8232,113.5321,0.00106777,-0.08147146,0.01306133,0.99658952,9.34711,1.50175,0.00000,35.00000,287.8713,2.8000,628.3689,47.0409,160.9488
127.0000,349.4940,40.7441,113.5159,0.00109114,-0.08145725,0.01334951,0.99658683,9.34551,1.53489,-0.00000,35.00000,287.8321,2.8000,633.3722,50.2341,160.1418
128.0000,354.3748,43.6967,113.3774,0.00111588,-0.08139209,0.01366314,0.99658788,9.33805,1.57094,0.00000,35.00000,287.8224,2.8000,638.3079,53.5330,159.5456
129.0000,359.2147,46.6853,113.1472,0.00114215,-0.08128373,0.01400355,0.99659197,9.32564,1.61007,0.00000,35.00000,287.7976,2.8000,643.1800,56.8912,158.8947
130.0000,364.0504,49.6844,112.9171,0.00116567,-0.08117691,0.01431081,0.99659628,9.31340,1.64539,0.00000,35.00000,287.8064,2.8000,648.0319,59.8493,158.6176
131.0000,368.8913,52.8309,112.6611,0.00118109,-0.08109396,0.01451496,0.99660007,9.30389,1.66885,0.00000,35.00000,287.8917,2.8000,652.9479,62.4411,158.5237
132.0000,373.7310,56.2032,112.4381,0.00118624,-0.08103368,0.01458910,0.99660388,9.29697,1.67736,0.00000,35.00000,288.0405,2.8000,657.9330,65.0103,158.4756
133.0000,378.6034,59.7047,112.2939,0.00118502,-0.08099615,0.01458096,0.99660705,9.29265,1.67642,-0.00000,35.00000,288.1564,2.8000,662.9086,67.9721,158.5152
134.0000,383.5477,63.2609,112.3620,0.00118437,-0.08100819,0.01457081,0.99660622,9.29403,1.67526,-0.00000,35.00000,288.2242,2.8000,667.8524,71.5096,159.0096
135.0000,388.6466,66.8458,112.6021,0.00118618,-0.08106632,0.01458245,0.99660132,9.30072,1.67660,0.00000,35.00000,288.2841,2.8000,672.9383,75.2438,159.6729
136.0000,393.8807,70.2695,112.9654,0.00119618,-0.08120692,0.01467975,0.99658844,9.31690,1.68781,0.00000,35.00000,288.3813,2.8000,678.1252,79.2836,160.8134
137.0000,399.1095,73.8244,113.3446,0.00121420,-0.08140527,0.01486436,0.99656950,9.33973,1.70907,-0.00000,35.00000,288.4072,2.8000,683.2614,83.5137,161.7875
138.0000,404.2972,77.6546,113.6814,0.00123651,-0.08156339,0.01510782,0.99655288,9.35795,1.73708,0.00000,35.00000,288.2410,2.8000,688.3080,87.8630,161.8557
139.0000,409.4221,81.6732,113.9139,0.00126094,-0.08167390,0.01538531,0.99653955,9.37070,1.76901,-0.00000,35.00000,287.9253,2.8000,693.1632,92.2520,161.7070
140.0000,414.4774,85.8002,114.0368,0.00128564,-0.08173326,0.01567513,0.99653014,9.37756,1.80234,0.00000,35.00000,287.5863,2.8000,697.9394,96.6134,161.3872
141.0000,419.4629,90.0489,113.9750,0.00131252,-0.08168545,0.01601215,0.99652866,9.37212,1.84109,-0.00000,35.00000,287.0253,2.8000,702.5043,101.3436,160.3270
142.0000,424.4061,94.4392,113.7036,0.00134084,-0.08154362,0.01638619,0.99653416,9.35586,1.88408,0.00000,35.00000,286.5682,2.8000,707.1203,106.1724,159.1313
143.0000,429.3692,98.7901,113.2953,0.00136892,-0.08138993,0.01676108,0.99654045,9.33825,1.92716,-0.00000,35.00000,286.5751,2.8000,712.1109,110.7427,158.5401
144.0000,434.3711,103.0515,112.7969,0.00139688,-0.08124899,0.01713320,0.99654559,9.32210,1.96993,-0.00000,35.00000,286.7139,2.8000,717.2370,115.2030,158.0885
145.0000,439.4579,107.3120,112.3067,0.00142459,-0.08113943,0.01749675,0.99654816,9.30956,2.01172,-0.00000,35.00000,287.2462,2.8000,722.8096,119.6362,157.8781
146.0000,444.5865,111.6278,111.9232,0.00145201,-0.08106975,0.01784880,0.99654754,9.30161,2.05219,-0.00000,35.00000,287.7481,2.8000,728.3798,124.0976,157.8629
147.0000,449.6728,116.0096,111.7695,0.00147961,-0.08107317,0.01818717,0.99654111,9.30206,2.09110,-0.00000,35.00000,287.9225,2.8000,733.5338,128.5877,158.3412
148.0000,454.6395,120.4610,111.9959,0.00150734,-0.08116722,0.01850630,0.99652753,9.31293,2.12781,0.00000,35.00000,287.6949,2.8000,738.1416,133.0813,159.3304
149.0000,459.4600,124.9985,112.3774,0.00153379,-0.08130291,0.01879929,0.99651095,9.32859,2.16153,-0.00000,35.00000,287.3361,2.8000,742.5385,137.5971,160.0722
150.0000,464.1570,129.6353,112.7931,0.00155844,-0.08147231,0.01906141,0.99649210,9.34811,2.19170,-0.00000,35.00000,287.0551,2.8000,746.8979,142.1673,160.8142
151.0000,468.7654,134.3155,113.1484,0.00158146,-0.08166267,0.01929738,0.99647194,9.37004,2.21887,-0.00000,35.00000,286.8683,2.8000,751.2763,146.8016,161.4183
152.0000,473.2805,139.0551,113.4085,0.00160308,-0.08184657,0.01951693,0.99645254,9.39123,2.24415,-0.00000,35.00000,286.6665,2.8000,755.5823,151.5497,161.6958
153.0000,477.6970,143.8710,113.5486,0.00162325,-0.08198918,0.01972781,0.99643663,9.40767,2.26843,-0.00000,35.00000,286.5001,2.8000,759.8740,156.4228,161.5506
154.0000,482.1060,148.6007,113.5715,0.00164350,-0.08206543,0.01995512,0.99642579,9.41649,2.29458,-0.00000,35.00000,286.4519,2.8000,764.3082,161.3885,161.0655
155.0000,486.5103,153.3251,113.4829,0.00166385,-0.08208336,0.02019769,0.99641939,9.41859,2.32248,-0.00000,35.00000,286.2754,2.8000,768.6057,166.3439,160.4808
156.0000,490.8329,158.0420,113.2802,0.00168497,-0.08205707,0.02046051,0.99641616,9.41562,2.35270,0.00000,35.00000,285.9756,2.8000,772.6829,171.3292,159.8529
157.0000,495.0660,162.7648,112.9983,0.00169993,-0.08197321,0.02066339,0.99641885,9.40602,2.37602,-0.00000,35.00000,285.9225,2.8000,776.9603,175.7785,159.0436
158.0000,499.2128,167.6043,112.7223,0.00170221,-0.08183277,0.02072675,0.99642908,9.38988,2.38328,-0.00000,35.00000,286.2602,2.8000,781.5659,179.7664,158.2773
159.0000,503.2329,172.5714,112.5899,0.00169872,-0.08170724,0.02071632,0.99643960,9.37544,2.38205,-0.00000,35.00000,286.8000,2.8000,786.1301,184.2702,158.2806
160.0000,507.2442,177.6781,112.5648,0.00169016,-0.08160037,0.02063912,0.99644997,9.36313,2.37316,-0.00000,35.00000,287.1488,2.8000,790.4900,188.9119,158.4027
161.0000,511.3213,182.7804,112.6093,0.00168424,-0.08155602,0.02057813,0.99645488,9.35802,2.36613,-0.00000,35.00000,287.1808,2.8000,794.5151,194.0836,158.9406
162.0000,515.4936,187.8783,112.7502,0.00168341,-0.08158004,0.02056194,0.99645325,9.36078,2.36428,-0.00000,35.00000,286.9574,2.8000,798.3606,199.4520,159.6209
163.0000,519.7422,192.9895,113.0004,0.00168682,-0.08165437,0.02058464,0.99644668,9.36933,2.36690,0.00000,35.00000,286.6099,2.8000,802.1806,204.8125,160.2695
164.0000,524.0394,198.1078,113.2579,0.00169436,-0.08177694,0.02064546,0.99643536,9.38344,2.37392,-0.00000,35.00000,286.1461,2.8000,805.9322,210.1908,160.9154
165.0000,528.3271,203.2509,113.5197,0.00170655,-0.08192964,0.02075489,0.99642052,9.40102,2.38653,-0.00000,35.00000,285.8147,2.8000,809.8222,215.6951,161.4553
166.0000,532.4932,208.5672,113.7578,0.00172139,-0.08209142,0.02089378,0.99640428,9.41966,2.40254,-0.00000,35.00000,285.4906,2.8000,813.6296,221.2656,161.8052
167.0000,536.5225,214.0250,113.9049,0.00173812,-0.08221567,0.02106467,0.99639041,9.43398,2.42222,0.00000,35.00000,284.9785,2.8000,817.1803,227.0050,161.6310
168.0000,540.4123,219.5805,113.9170,0.00175532,-0.08227160,0.02125847,0.99638164,9.44045,2.44452,-0.00000,35.00000,284.3680,2.8000,820.5443,232.7923,161.0173
169.0000,544.2568,225.1539,113.8137,0.00177114,-0.08226885,0.02145070,0.99637772,9.44017,2.46662,-0.00000,35.00000,283.9349,2.8000,824.0369,238.4461,160.3644
170.0000,548.1031,230.6753,113.5728,0.00178959,-0.08221603,0.02168809,0.99637691,9.43415,2.49392,-0.00000,35.00000,283.4191,2.8000,827.4282,244.3693,159.6044
171.0000,551.9449,236.1673,113.2030,0.00181139,-0.08213276,0.02197453,0.99637746,9.42463,2.52684,-0.00000,35.00000,282.8949,2.8000,830.7799,250.3126,158.8575
172.0000,555.7660,241.6144,112.7653,0.00183175,-0.08202511,0.02225078,0.99638016,9.41231,2.55859,0.00000,35.00000,282.6078,2.8000,834.3555,255.8360,158.1163
173.0000,559.5179,247.0097,112.3465,0.00184820,-0.08192357,0.02247845,0.99638338,9.40068,2.58475,-0.00000,35.00000,282.6508,2.8000,838.1585,261.0495,157.6966
174.0000,563.1821,252.4090,112.0798,0.00186334,-0.08188749,0.02267250,0.99638192,9.39657,2.60706,0.00000,35.00000,282.8146,2.8000,841.9043,266.3468,157.9650
175.0000,566.7362,257.8079,112.0534,0.00187828,-0.08190533,0.02284922,0.99637639,9.39866,2.62739,0.00000,35.00000,282.6999,2.8000,845.2716,271.7251,158.3661
176.0000,570.1600,263.2398,112.3211,0.00189317,-0.08195601,0.02301598,0.99636835,9.40453,2.64658,-0.00000,35.00000,282.5081,2.8000,848.4561,277.1751,158.8960
177.0000,573.4547,268.7125,112.7001,0.00190880,-0.08208828,0.02316823,0.99635390,9.41977,2.66412,-0.00000,35.00000,282.2788,2.8000,851.4034,282.6241,159.9698
178.0000,576.6151,274.2209,113.1076,0.00192420,-0.08229354,0.02329639,0.99633395,9.44341,2.67890,-0.00000,35.00000,282.1098,2.8000,854.2837,288.0371,161.0522
179.0000,579.6241,279.7433,113.4989,0.00193738,-0.08250651,0.02339494,0.99631401,9.46792,2.69029,-0.00000,35.00000,282.0249,2.8000,857.1846,293.4198,161.6098
180.0000,582.4737,285.2306,113.7981,0.00194787,-0.08268096,0.02347166,0.99629772,9.48801,2.69915,-0.00000,35.00000,281.9644,2.8000,860.0141,298.8087,161.6851
181.0000,585.1853,290.6768,113.9356,0.00195606,-0.08280981,0.02353339,0.99628555,9.50284,2.70628,0.00000,35.00000,281.9148,2.8000,862.7288,304.1930,161.5184
182.0000,587.9206,296.0428,113.8338,0.00196150,-0.08283722,0.02359088,0.99628190,9.50601,2.71290,-0.00000,35.00000,281.5956,2.8000,865.2836,309.5537,160.5612
183.0000,590.6466,301.3248,113.5589,0.00196612,-0.08278484,0.02366153,0.99628457,9.50000,2.72101,-0.00000,35.00000,281.1345,2.8000,867.6617,314.9410,159.5395
184.0000,593.3484,306.5520,113.2242,0.00197089,-0.08269771,0.02374401,0.99628983,9.48999,2.73048,-0.00000,35.00000,280.6421,2.8000,869.9270,320.2674,158.7973
185.0000,595.9400,311.8158,112.9135,0.00197191,-0.08259518,0.02378595,0.99629733,9.47821,2.73528,-0.00000,35.00000,280.5769,2.8000,872.4956,325.2946,158.2949
186.0000,598.3585,317.1571,112.6585,0.00196654,-0.08249860,0.02374916,0.99630622,9.46709,2.73103,0.00000,35.00000,280.7825,2.8000,875.1427,330.1242,158.0659
187.0000,600.6039,322.4629,112.4724,0.00195613,-0.08242104,0.02364591,0.99631512,9.45815,2.71913,0.00000,35.00000,281.0202,2.8000,877.6271,334.9593,158.0267
188.0000,602.7856,327.7414,112.3848,0.00194295,-0.08240079,0.02349256,0.99632045,9.45579,2.70149,-0.00000,35.00000,281.0648,2.8000,879.7969,339.8324,158.3948
189.0000,605.0348,333.0766,112.4259,0.00192910,-0.08247401,0.02330432,0.99631884,9.46417,2.67986,-0.00000,35.00000,280.7465,2.8000,881.6158,344.8224,159.1741
190.0000,607.2805,338.3790,112.6415,0.00191820,-0.08260130,0.02313678,0.99631222,9.47877,2.66061,-0.00000,35.00000,280.2047,2.8000,883.2413,350.1377,159.8035
191.0000,609.5841,343.6567,112.9177,0.00191351,-0.08277795,0.02303069,0.99630002,9.49906,2.64845,-0.00000,35.00000,279.5018,2.8000,884.7543,355.7137,160.4546
192.0000,611.7883,348.9750,113.2013,0.00191400,-0.08298714,0.02297816,0.99628383,9.52311,2.64246,-0.00000,35.00000,278.7953,2.8000,886.1851,361.3088,160.9934
193.0000,613.7512,354.3560,113.4679,0.00191878,-0.08319358,0.02297795,0.99626661,9.54686,2.64248,0.00000,35.00000,278.0099,2.8000,887.3435,366.9842,161.2179
194.0000,615.4549,359.7398,113.6830,0.00192660,-0.08335506,0.02302652,0.99625198,9.56544,2.64810,-0.00000,35.00000,277.1973,2.8000,888.2765,372.6659,161.0264
195.0000,616.8878,365.1295,113.7454,0.00193191,-0.08345162,0.02306311,0.99624304,9.57656,2.65233,0.00000,35.00000,276.8367,2.8000,889.4346,377.9866,160.5661
196.0000,618.1491,370.5012,113.6496,0.00193324,-0.08348495,0.02306973,0.99624009,9.58039,2.65310,-0.00000,35.00000,276.5969,2.8000,890.5496,383.1658,159.9477
197.0000,619.3731,375.8323,113.4252,0.00193304,-0.08346864,0.02307184,0.99624141,9.57852,2.65334,-0.00000,35.00000,276.1973,2.8000,891.4488,388.4540,159.2554
198.0000,620.5186,381.1772,113.0559,0.00193121,-0.08339330,0.02307095,0.99624774,9.56985,2.65322,0.00000,35.00000,275.9954,2.8000,892.4818,393.7736,158.3456
199.0000,621.7505,386.4901,112.5596,0.00192780,-0.08327970,0.02306192,0.99625746,9.55678,2.65216,-0.00000,35.00000,276.0715,2.8000,893.8524,399.0364,157.4976
200.0000,623.0746,391.7297,112.1306,0.00192527,-0.08321832,0.02304872,0.99626290,9.54972,2.65062,-0.00000,35.00000,276.2458,2.8000,895.2861,404.2481,157.4758
201.0000,624.3845,397.0293,111.8637,0.00192363,-0.08321226,0.02303081,0.99626382,9.54902,2.64856,0.00000,35.00000,276.2632,2.8000,896.5420,409.5066,157.6452
202.0000,625.5737,402.3540,111.8314,0.00192312,-0.08324504,0.02301559,0.99626144,9.55278,2.64682,-0.00000,35.00000,276.0749,2.8000,897.4909,414.8293,157.9063
203.0000,626.6322,407.7192,112.0381,0.00192248,-0.08336269,0.02297519,0.99625253,9.56631,2.64220,-0.00000,35.00000,275.9306,2.8000,898.2919,420.0039,158.8222
204.0000,627.5544,413.1620,112.4171,0.00192029,-0.08358207,0.02288839,0.99623615,9.59152,2.63226,-0.00000,35.00000,275.9185,2.8000,899.0616,425.1029,160.1206
205.0000,628.3305,418.6622,112.8478,0.00191764,-0.08380667,0.02279522,0.99621942,9.61734,2.62159,-0.00000,35.00000,275.9447,2.8000,899.8392,430.5125,160.7194
206.0000,628.9887,424.2357,113.2215,0.00191578,-0.08402000,0.02271486,0.99620330,9.64186,2.61240,-0.00000,35.00000,276.0771,2.8000,900.6205,436.1280,161.1436
207.0000,629.5450,429.8868,113.5221,0.00191568,-0.08420462,0.02266364,0.99618887,9.66308,2.60655,0.00000,35.00000,276.2518,2.8000,901.3623,441.9419,161.3492
208.0000,630.1220,435.6015,113.6814,0.00191798,-0.08431062,0.02266211,0.99617994,9.67528,2.60640,-0.00000,35.00000,276.2663,2.8000,902.0349,447.9711,160.9488
209.0000,630.7596,441.3776,113.6665,0.00192328,-0.08431855,0.02272250,0.99617788,9.67620,2.61334,-0.00000,35.00000,276.1298,2.8000,902.6498,454.1663,160.1418
210.0000,631.4298,447.2080,113.5291,0.00193247,-0.08427456,0.02284307,0.99617883,9.67117,2.62720,-0.00000,35.00000,275.9729,2.8000,903.2188,460.4344,159.5456
211.0000,632.1266,453.0961,113.3001,0.00194529,-0.08418686,0.02301860,0.99618218,9.66112,2.64738,-0.00000,35.00000,275.7906,2.8000,903.7821,466.7554,158.8947
212.0000,632.8885,459.0606,113.0710,0.00195936,-0.08409493,0.02321055,0.99618546,9.65059,2.66943,-0.00000,35.00000,276.0036,2.8000,904.7578,472.9384,158.6176
213.0000,633.5968,465.1778,112.8159,0.00197200,-0.08401431,0.02338269,0.99618821,9.64135,2.68922,-0.00000,35.00000,276.7061,2.8000,906.1512,479.0606,158.5237
214.0000,634.1770,471.4830,112.5930,0.00198208,-0.08394117,0.02352278,0.99619106,9.63297,2.70532,-0.00000,35.00000,277.6501,2.8000,907.6635,485.2883,158.4756
215.0000,634.7291,477.9566,112.4481,0.00199109,-0.08388082,0.02364679,0.99619319,9.62606,2.71957,-0.00000,35.00000,278.3529,2.8000,908.8976,491.7632,158.5152
216.0000,635.3395,484.5916,112.5151,0.00200238,-0.08386951,0.02378405,0.99619085,9.62479,2.73535,0.00000,35.00000,278.6107,2.8000,909.6890,498.5679,159.0096
217.0000,636.0775,491.4421,112.7539,0.00201681,-0.08390650,0.02394466,0.99618386,9.62908,2.75384,-0.00000,35.00000,278.7228,2.8000,910.4569,505.6574,159.6729
218.0000,637.0947,498.3841,113.1161,0.00203824,-0.08403680,0.02416121,0.99616761,9.64412,2.77878,-0.00000,35.00000,278.4996,2.8000,911.0924,513.0549,160.8134
219.0000,638.0709,505.4540,113.4948,0.00206573,-0.08423511,0.02442884,0.99614427,9.66700,2.80961,-0.00000,35.00000,278.1748,2.8000,911.6141,520.5725,161.7875
220.0000,638.8674,512.7000,113.8315,0.00209480,-0.08439649,0.02472473,0.99612325,9.68563,2.84369,-0.00000,35.00000,277.8012,2.8000,912.0597,528.1397,161.8557
221.0000,639.5466,520.0526,114.0641,0.00212264,-0.08450966,0.02501939,0.99610624,9.69872,2.87761,-0.00000,35.00000,277.4459,2.8000,912.4350,535.6284,161.7070
222.0000,640.1693,527.4600,114.1872,0.00214802,-0.08456867,0.02530051,0.99609408,9.70558,2.90997,-0.00000,35.00000,277.1750,2.8000,912.8543,543.0921,161.3872
223.0000,640.7229,534.9298,114.1254,0.00217021,-0.08451876,0.02557691,0.99609121,9.69991,2.94175,-0.00000,35.00000,276.5270,2.8000,912.9150,550.6530,160.3270
224.0000,641.2097,542.4934,113.8539,0.00219025,-0.08437339,0.02585763,0.99609624,9.68326,2.97401,-0.00000,35.00000,275.9758,2.8000,912.9907,558.3713,159.1313
225.0000,641.8106,550.0928,113.4455,0.00221193,-0.08421645,0.02616246,0.99610151,9.66528,3.00904,0.00000,35.00000,275.9354,2.8000,913.5637,566.2867,158.5401
226.0000,642.5721,557.7133,112.9470,0.00223644,-0.08407362,0.02649741,0.99610467,9.64893,3.04753,-0.00000,35.00000,276.0123,2.8000,914.3739,574.2826,158.0885
227.0000,643.4510,565.4414,112.4567,0.00226713,-0.08396572,0.02689539,0.99610304,9.63662,3.09329,-0.00000,35.00000,276.3878,2.8000,915.5506,582.6440,157.8781
228.0000,644.3764,573.2766,112.0733,0.00230290,-0.08390054,0.02734085,0.99609632,9.62924,3.14452,0.00000,35.00000,276.7793,2.8000,916.7778,591.0429,157.8629
229.0000,645.2865,581.1570,111.9199,0.00234048,-0.08390980,0.02778361,0.99608320,9.63043,3.19546,0.00000,35.00000,277.0001,2.8000,917.7894,599.1583,158.3412
230.0000,646.1275,589.0228,112.1466,0.00237594,-0.08400851,0.02817077,0.99606392,9.64189,3.24002,-0.00000,35.00000,277.0015,2.8000,918.5081,606.8813,159.3304
231.0000,646.8669,596.8626,112.5283,0.00240709,-0.08414489,0.02849334,0.99604316,9.65767,3.27717,-0.00000,35.00000,276.9298,2.8000,919.1251,614.4847,160.0722
232.0000,647.5088,604.7009,112.9441,0.00243454,-0.08431097,0.02876080,0.99602136,9.67685,3.30799,-0.00000,35.00000,276.9347,2.8000,919.7264,622.1211,160.8142
233.0000,648.1160,612.5268,113.2992,0.00245939,-0.08449481,0.02899053,0.99599906,9.69807,3.33447,-0.00000,35.00000,276.9805,2.8000,920.3428,629.8369,161.4183
234.0000,648.6721,620.3479,113.5589,0.00248174,-0.08466931,0.02919315,0.99597827,9.71820,3.35784,-0.00000,35.00000,276.9594,2.8000,920.8768,637.5971,161.6958
235.0000,649.1604,628.1709,113.6984,0.00250189,-0.08479987,0.02938436,0.99596149,9.73328,3.37987,0.00000,35.00000,276.9102,2.8000,921.3614,645.4522,161.5506
236.0000,649.7599,635.9457,113.7207,0.00252212,-0.08486391,0.02959918,0.99594962,9.74071,3.40461,0.00000,35.00000,276.8124,2.8000,921.9324,653.4903,161.0655
237.0000,650.4144,643.7278,113.6315,0.00254129,-0.08486898,0.02982218,0.99594249,9.74136,3.43027,-0.00000,35.00000,276.6227,2.8000,922.4689,661.4373,160.4808
238.0000,651.0686,651.4582,113.4281,0.00255900,-0.08482956,0.03004383,0.99593914,9.73689,3.45576,-0.00000,35.00000,276.3165,2.8000,922.8784,669.2636,159.8529
239.0000,651.7051,659.1392,113.1456,0.00257171,-0.08472576,0.03023013,0.99594230,9.72500,3.47716,0.00000,35.00000,276.5512,2.8000,923.8494,676.8449,159.0436
240.0000,652.2470,666.8543,112.8685,0.00257696,-0.08455328,0.03035398,0.99595318,9.70519,3.49136,0.00000,35.00000,277.4625,2.8000,925.4167,684.2991,158.2773
241.0000,652.6547,674.5873,112.7344,0.00258170,-0.08439198,0.03046831,0.99596336,9.68666,3.50447,-0.00000,35.00000,278.3026,2.8000,926.6507,692.0877,158.2806
242.0000,653.0102,682.4287,112.7076,0.00258431,-0.08424539,0.03055250,0.99597318,9.66982,3.51411,0.00000,35.00000,278.9935,2.8000,927.6887,699.8283,158.4027
243.0000,653.4669,690.3154,112.7500,0.00258865,-0.08416413,0.03063344,0.99597755,9.66050,3.52340,-0.00000,35.00000,279.1100,2.8000,928.1774,707.7423,158.9406
244.0000,654.0509,698.2607,112.8889,0.00259492,-0.08415570,0.03071070,0.99597587,9.65955,3.53229,0.00000,35.00000,278.9000,2.8000,928.4554,715.6890,159.6209
245.0000,654.7393,706.2600,113.1374,0.00260166,-0.08420076,0.03077375,0.99597010,9.66476,3.53955,-0.00000,35.00000,278.5977,2.8000,928.7731,723.6106,160.2695
246.0000,655.5165,714.2849,113.3934,0.00260820,-0.08429683,0.03081573,0.99596066,9.67582,3.54441,-0.00000,35.00000,278.1932,2.8000,929.0811,731.4969,160.9153
247.0000,656.3274,722.3092,113.6538,0.00261632,-0.08442681,0.03086362,0.99594814,9.69079,3.54996,-0.00000,35.00000,277.8345,2.8000,929.4769,739.5595,161.4553
248.0000,656.9950,730.3820,113.8906,0.00262444,-0.08456766,0.03090743,0.99593481,9.70701,3.55505,-0.00000,35.00000,277.5410,2.8000,929.8278,747.6110,161.8052
249.0000,657.5281,738.4701,114.0366,0.00263064,-0.08467137,0.03094217,0.99592491,9.71895,3.55907,-0.00000,35.00000,277.0620,2.8000,929.9328,755.6335,161.6310
250.0000,657.9522,746.5359,114.0476,0.00263323,-0.08470553,0.03096014,0.99592144,9.72289,3.56115,0.00000,35.00000,276.5186,2.8000,929.9193,763.5750,161.0173
251.0000,658.3910,754.5677,113.9431,0.00263223,-0.08467875,0.03095818,0.99592378,9.71981,3.56092,0.00000,35.00000,276.2114,2.8000,930.1488,771.4664,160.3644
252.0000,658.9225,762.5325,113.7009,0.00263099,-0.08460316,0.03097149,0.99592979,9.71111,3.56243,0.00000,35.00000,275.6621,2.8000,930.2061,779.5038,159.6044
253.0000,659.5299,770.4420,113.3299,0.00263048,-0.08449912,0.03100382,0.99593762,9.69915,3.56612,-0.00000,35.00000,275.0864,2.8000,930.2862,787.5162,158.8575
254.0000,660.2078,778.2707,112.8911,0.00262809,-0.08436920,0.03102367,0.99594802,9.68421,3.56836,-0.00000,35.00000,274.9171,2.8000,930.8482,795.2699,158.1163
255.0000,660.9166,785.9846,112.4712,0.00262368,-0.08424268,0.03101850,0.99595890,9.66965,3.56773,0.00000,35.00000,275.1778,2.8000,931.8305,802.8414,157.6966
256.0000,661.6089,793.6204,112.2031,0.00262025,-0.08418144,0.03100056,0.99596465,9.66260,3.56565,-0.00000,35.00000,275.5186,2.8000,932.7820,810.4046,157.9650
257.0000,662.2671,801.1628,112.1754,0.00261672,-0.08417408,0.03096157,0.99596649,9.66174,3.56116,0.00000,35.00000,275.5711,2.8000,933.4301,817.7939,158.3661
258.0000,662.8575,808.6278,112.4417,0.00261263,-0.08419931,0.03090391,0.99596616,9.66463,3.55453,0.00000,35.00000,275.5331,2.8000,933.9462,825.1064,158.8960
259.0000,663.3774,816.0216,112.8194,0.00260852,-0.08430653,0.03081588,0.99595983,9.67694,3.54443,0.00000,35.00000,275.4904,2.8000,934.3190,832.2544,159.9698
260.0000,663.8248,823.3378,113.2255,0.00260378,-0.08448630,0.03069414,0.99594837,9.69758,3.53048,0.00000,35.00000,275.5347,2.8000,934.7124,839.2909,161.0522
261.0000,664.1949,830.5491,113.6154,0.00259688,-0.08467173,0.03054538,0.99593721,9.71888,3.51342,-0.00000,35.00000,275.6655,2.8000,935.2009,846.2590,161.6098
262.0000,664.5032,837.6073,113.9131,0.00258738,-0.08481622,0.03038162,0.99592995,9.73545,3.49462,-0.00000,35.00000,275.7932,2.8000,935.6871,853.1437,161.6851
263.0000,664.7710,844.5156,114.0489,0.00257565,-0.08491302,0.03020924,0.99592698,9.74654,3.47482,0.00000,35.00000,275.9146,2.8000,936.1382,859.9138,161.5184
264.0000,665.1597,851.3092,113.9454,0.00255970,-0.08490557,0.03002500,0.99593323,9.74563,3.45361,-0.00000,35.00000,275.7552,2.8000,936.5222,866.5310,160.5612
265.0000,665.6418,857.9643,113.6686,0.00254080,-0.08481687,0.02983487,0.99594655,9.73536,3.43171,-0.00000,35.00000,275.4210,2.8000,936.8013,873.0331,159.5395
266.0000,666.1911,864.4968,113.3320,0.00251991,-0.08469275,0.02963340,0.99596318,9.72102,3.40850,-0.00000,35.00000,275.0668,2.8000,937.0712,879.3687,158.7973
267.0000,666.6909,870.9509,113.0193,0.00249561,-0.08455063,0.02939760,0.99598230,9.70460,3.38132,-0.00000,35.00000,275.2500,2.8000,937.8084,885.4921,158.2949
268.0000,667.0671,877.3388,112.7622,0.00246656,-0.08441054,0.02910422,0.99600287,9.68840,3.34753,0.00000,35.00000,275.7982,2.8000,938.7644,891.3896,158.0659
269.0000,667.3656,883.5577,112.5738,0.00243392,-0.08428640,0.02876191,0.99602341,9.67402,3.30811,-0.00000,35.00000,276.3614,2.8000,939.6352,897.1433,158.0267
270.0000,667.6836,889.6580,112.4837,0.00239864,-0.08421762,0.02836868,0.99604059,9.66600,3.26285,-0.00000,35.00000,276.7217,2.8000,940.2690,902.7235,158.3948
271.0000,668.1108,895.7652,112.5223,0.00236085,-0.08424111,0.02791430,0.99605153,9.66858,3.21058,-0.00000,35.00000,276.7201,2.8000,940.6018,908.1929,159.1741
272.0000,668.6185,901.7647,112.7352,0.00232312,-0.08431943,0.02744285,0.99605809,9.67746,3.15637,0.00000,35.00000,276.3710,2.8000,940.7023,913.8087,159.8035
273.0000,669.2632,907.6822,113.0088,0.00228804,-0.08444967,0.02698677,0.99605960,9.69232,3.10393,-0.00000,35.00000,275.7680,2.8000,940.6769,919.5438,160.4546
274.0000,669.8768,913.5163,113.2899,0.00225480,-0.08461436,0.02654289,0.99605763,9.71115,3.05291,-0.00000,35.00000,275.1718,2.8000,940.6482,925.1845,160.9934
275.0000,670.3210,919.2344,113.5540,0.00222244,-0.08477767,0.02611148,0.99605522,9.72983,3.00332,-0.00000,35.00000,274.4949,2.8000,940.4184,930.7170,161.2179
276.0000,670.6013,924.7739,113.7667,0.00218998,-0.08489674,0.02569402,0.99605601,9.74342,2.95532,-0.00000,35.00000,273.7906,2.8000,940.0589,936.0899,161.0264
277.0000,670.7064,930.1335,113.8269,0.00215436,-0.08494895,0.02526084,0.99606271,9.74932,2.90550,-0.00000,35.00000,273.6450,2.8000,940.1202,941.1153,160.5661
278.0000,670.7372,935.3258,113.7286,0.00211478,-0.08493540,0.02480097,0.99607551,9.74765,2.85259,-0.00000,35.00000,273.6588,2.8000,940.2726,945.8976,159.9477
279.0000,670.8278,940.3747,113.5018,0.00207290,-0.08487086,0.02432870,0.99609274,9.74011,2.79824,-0.00000,35.00000,273.4729,2.8000,940.2682,950.6100,159.2554
280.0000,670.9226,945.3148,113.1298,0.00202960,-0.08474621,0.02385615,0.99611488,9.72566,2.74385,-0.00000,35.00000,273.4727,2.8000,940.4644,955.2962,158.3456
281.0000,671.1934,950.1555,112.6310,0.00198603,-0.08458240,0.02338976,0.99613995,9.70670,2.69016,0.00000,35.00000,273.7522,2.8000,941.0855,959.9351,157.4976
282.0000,671.6606,954.8569,112.1993,0.00194433,-0.08447077,0.02292943,0.99616020,9.69376,2.63718,-0.00000,35.00000,274.1293,2.8000,941.8719,964.4356,157.4758
283.0000,672.1740,959.4761,111.9297,0.00190258,-0.08441459,0.02245233,0.99617591,9.68719,2.58229,-0.00000,35.00000,274.3432,2.8000,942.5410,968.6963,157.6452
284.0000,672.6335,963.8871,111.8947,0.00185845,-0.08439810,0.02193607,0.99618890,9.68518,2.52290,0.00000,35.00000,274.3125,2.8000,942.9390,972.5809,157.9063
285.0000,673.0159,968.0592,112.0987,0.00180953,-0.08446677,0.02134154,0.99619608,9.69295,2.45452,-0.00000,35.00000,274.3615,2.8000,943.2806,975.9409,158.8222
286.0000,673.2969,971.9970,112.4751,0.00175420,-0.08463693,0.02064730,0.99619637,9.71239,2.37470,-0.00000,35.00000,274.5675,2.8000,943.6491,978.8820,160.1206
287.0000,673.4671,975.6582,112.9031,0.00169390,-0.08481364,0.01989601,0.99619673,9.73256,2.28832,0.00000,35.00000,274.7095,2.8000,943.9579,981.7828,160.7194
288.0000,673.5445,979.0512,113.2742,0.00163027,-0.08498139,0.01911092,0.99619791,9.75171,2.19804,0.00000,35.00000,274.8994,2.8000,944.2359,984.5428,161.1436
289.0000,673.5393,982.1751,113.5723,0.00156462,-0.08512356,0.01831072,0.99620091,9.76791,2.10602,0.00000,35.00000,275.0820,2.8000,944.4434,987.1419,161.3492
290.0000,673.5695,985.0459,113.7293,0.00149751,-0.08519085,0.01751168,0.99620962,9.77551,2.01412,0.00000,35.00000,275.0523,2.8000,944.5466,989.5877,160.9488
291.0000,673.6711,987.6664,113.7123,0.00142952,-0.08516415,0.01672206,0.99622558,9.77231,1.92329,-0.00000,35.00000,274.8366,2.8000,944.5702,991.8378,160.1418
292.0000,673.8170,990.0166,113.5730,0.00136142,-0.08508964,0.01593979,0.99624486,9.76361,1.83329,-0.00000,35.00000,274.5923,2.8000,944.5516,993.8068,159.5456
293.0000,673.9979,992.0951,113.3423,0.00129321,-0.08497527,0.01516185,0.99626686,9.75034,1.74380,-0.00000,35.00000,274.3200,2.8000,944.5330,995.4877,158.8947
294.0000,674.2430,993.9282,113.1118,0.00122407,-0.08485940,0.01437117,0.99628854,9.73690,1.65283,0.00000,35.00000,274.4915,2.8000,944.9673,996.8141,158.6176
295.0000,674.4143,995.5556,112.8554,0.00115326,-0.08475649,0.01355653,0.99630880,9.72495,1.55912,0.00000,35.00000,275.1975,2.8000,945.8353,997.8554,158.5237
296.0000,674.4287,996.9918,112.6312,0.00108061,-0.08466223,0.01271686,0.99632797,9.71400,1.46254,-0.00000,35.00000,276.1587,2.8000,946.8022,998.6836,158.4756
297.0000,674.3866,998.2459,112.4852,0.00100637,-0.08458226,0.01185461,0.99634547,9.70470,1.36336,0.00000,35.00000,276.8610,2.8000,947.4468,999.3273,158.5152
298.0000,674.3726,999.3331,112.5510,0.00093143,-0.08455375,0.01097566,0.99635803,9.70132,1.26226,-0.00000,35.00000,277.0828,2.8000,947.5883,999.8270,159.0096
299.0000,674.4396,1000.3220,112.7889,0.00085608,-0.08457614,0.01008526,0.99636561,9.70380,1.15986,-0.00000,35.00000,277.1413,2.8000,947.6438,1000.2544,159.6729
